feedback_id,segment,comment
feedback-001,small_business,"The invoicing feature is too slow when I have more than 50 clients."
feedback-002,freelancer,"I love how easy it is to send invoices, but I wish there was a mobile app."
feedback-003,small_business,"Customer support took 3 days to respond to my billing issue."
feedback-004,enterprise,"We need better role-based permissions for our team of 200 people."
feedback-005,freelancer,"The pricing is too high for someone just starting out."
feedback-006,small_business,"Integration with QuickBooks keeps failing randomly."
feedback-007,enterprise,"The API rate limits are too restrictive for our automated workflows."
feedback-008,freelancer,"I really appreciate the free tier, it helped me get started without risk."
feedback-009,small_business,"The dashboard is confusing, too many options crammed into one screen."
feedback-010,freelancer,"Invoicing works great but the mobile app is missing entirely."
feedback-011,enterprise,"Onboarding a new team member takes way too long, the process isn't documented well."
feedback-012,small_business,"Support response time has been really slow lately, over 48 hours."
feedback-013,freelancer,"Would love a mobile app so I can send invoices while traveling."
feedback-014,enterprise,"We need SSO support for enterprise security compliance."
feedback-015,small_business,"QuickBooks sync broke again this week, very frustrating."